eventNum,File Timestamp (UTC),Mseis EVT
1,20220417 04:03:26.80500,2
2,20220417 04:12:06.40500,11
3,20220417 04:17:10.45200,13
4,20220417 04:17:35.58000,14
5,20220417 04:17:49.84900,15
6,20220417 04:20:04.51000,19
7,20220417 04:21:18.50800,21
8,20220417 04:23:32.67500,24
9,20220417 04:23:33.24400,25
10,20220417 04:24:44.87600,26
11,20220417 04:25:24.06400,27
12,20220417 04:27:11.20200,28
13,20220417 04:27:20.39800,29
14,20220417 04:27:21.21500,30
15,20220417 04:28:31.78300,31
16,20220417 04:28:40.48200,32
17,20220417 04:31:12.18800,35
18,20220417 04:37:17.13200,37
19,20220417 04:42:43.30400,39
20,20220417 04:42:44.27600,40
21,20220417 04:50:05.63300,43
22,20220417 04:50:36.81900,44
23,20220417 04:56:07.73800,45
24,20220417 05:04:02.37300,3
25,20220417 05:05:59.15800,5
26,20220417 05:08:36.86000,6
27,20220417 05:09:54.78900,7
28,20220417 05:13:45.25200,15
29,20220417 05:46:02.69700,22
30,20220417 05:51:14.09000,24
31,20220417 06:13:12.69800,8
32,20220417 06:42:27.95700,22
33,20220417 06:46:56.87100,24
34,20220417 08:55:08.57700,5
35,20220417 11:00:03.53600,1
36,20220418 00:44:14.99100,2
37,20220418 02:31:13.01000,3
38,20220418 02:31:14.33400,4
39,20220418 02:34:54.93000,5
40,20220418 02:34:55.60900,6
41,20220418 02:34:56.57400,7
42,20220418 13:02:04.26200,1
43,20220418 21:22:11.20200,1
44,20220418 23:58:01.80600,3
45,20220419 07:47:31.94200,13
46,20220419 13:44:52.45500,49
47,20220419 13:45:43.62600,50
48,20220419 13:46:05.59400,51
49,20220419 13:46:07.59400,52
50,20220419 13:47:39.39100,53
51,20220419 13:48:24.56500,54
52,20220419 13:49:17.61800,55
53,20220419 13:50:01.09400,56
54,20220419 13:50:40.11300,57
55,20220419 13:51:20.37800,58
56,20220419 13:51:48.38500,59
57,20220419 13:52:31.70200,60
58,20220419 13:52:38.55500,61
59,20220419 13:53:13.80700,62
60,20220419 13:53:40.05500,63
61,20220419 13:53:59.91200,64
62,20220419 13:54:41.47200,65
63,20220419 13:55:19.11100,66
64,20220419 13:55:34.55300,67
65,20220419 13:56:16.46400,68
66,20220419 13:57:26.52300,70
67,20220419 13:58:22.42800,71
68,20220419 13:58:26.92300,72
69,20220419 13:59:29.33000,73
70,20220419 14:00:37.03900,1
71,20220419 14:01:29.36000,2
72,20220419 14:02:24.33500,3
73,20220419 14:03:58.98100,4
74,20220419 14:05:34.15600,5
75,20220419 14:08:54.77400,7
76,20220419 14:10:21.86500,8
77,20220419 14:13:11.86700,9
78,20220419 14:14:07.71400,11
79,20220419 14:14:56.72900,12
80,20220419 14:18:59.76900,15
81,20220419 14:20:23.63500,16
82,20220419 14:21:21.33600,18
83,20220419 14:24:39.61800,20
84,20220419 14:25:43.23000,23
85,20220419 14:30:58.61100,25
86,20220419 14:47:47.94600,34
87,20220419 14:51:12.84500,39
88,20220419 14:55:15.63600,44
89,20220419 15:12:05.83100,4
90,20220419 15:12:10.61300,5
91,20220419 15:19:06.56100,8
92,20220419 15:23:48.63500,9
93,20220419 15:24:21.00100,11
94,20220419 15:28:07.81400,13
95,20220419 15:35:45.04100,17
96,20220419 19:03:33.08500,1
97,20220420 00:00:39.51700,1
98,20220420 03:17:59.80100,4
99,20220420 14:50:48.82700,93
100,20220420 15:00:40.60000,2
101,20220420 15:00:41.69500,3
102,20220421 05:56:37.92900,4
103,20220421 13:35:37.61300,2
104,20220421 13:35:38.19000,3
105,20220421 13:35:40.22100,4
106,20220421 13:35:41.61300,5
107,20220421 13:35:43.57900,6
108,20220421 13:35:45.83100,7
109,20220421 13:35:46.59800,8
110,20220421 13:35:47.46200,9
111,20220421 13:35:48.22100,10
112,20220421 13:35:49.11600,11
113,20220421 13:35:49.81300,12
114,20220421 14:00:56.19300,1
115,20220421 14:02:03.85500,2
116,20220421 14:02:36.07500,3
117,20220421 14:04:14.58200,4
118,20220421 14:04:29.69800,5
119,20220421 14:04:39.83900,6
120,20220421 14:05:03.09100,7
121,20220421 14:05:30.36200,8
122,20220421 14:06:20.96000,9
123,20220421 14:07:15.19400,10
124,20220421 14:07:48.28100,11
125,20220421 14:07:49.21100,12
126,20220421 14:08:47.85000,13
127,20220421 14:09:47.45900,14
128,20220421 14:10:30.07700,15
129,20220421 14:11:36.70700,16
130,20220421 14:11:51.16000,17
131,20220421 14:12:04.43900,18
132,20220421 14:12:11.92900,19
133,20220421 14:12:25.37500,20
134,20220421 14:13:02.54600,21
135,20220421 14:13:10.76900,22
136,20220421 14:13:57.40200,23
137,20220421 14:14:18.54600,24
138,20220421 14:15:04.76200,25
139,20220421 14:15:05.56400,26
140,20220421 14:15:29.02100,27
141,20220421 14:15:40.49600,28
142,20220421 14:16:39.42100,29
143,20220421 14:16:48.94700,30
144,20220421 14:16:53.42700,31
145,20220421 14:17:00.33200,32
146,20220421 14:17:05.22500,33
147,20220421 14:18:05.71000,34
148,20220421 14:18:06.53500,35
149,20220421 14:18:19.09900,36
150,20220421 14:19:07.84300,37
151,20220421 14:19:33.77500,38
152,20220421 14:19:52.39000,39
153,20220421 14:20:25.84300,40
154,20220421 14:20:32.59600,41
155,20220421 14:20:33.41900,42
156,20220421 14:20:35.78800,43
157,20220421 14:20:40.38500,44
158,20220421 14:21:11.57600,45
159,20220421 14:21:36.15100,46
160,20220421 14:21:47.37900,47
161,20220421 14:21:58.29400,48
162,20220421 14:22:44.18300,49
163,20220421 14:22:49.07000,50
164,20220421 14:23:15.45400,51
165,20220421 14:24:22.96000,52
166,20220421 14:24:25.09900,53
167,20220421 14:24:36.29300,54
168,20220421 14:24:38.52200,55
169,20220421 14:25:27.50200,59
170,20220421 14:26:06.66300,60
171,20220421 14:26:12.89000,61
172,20220421 14:26:53.70500,63
173,20220421 14:27:24.39800,64
174,20220421 14:27:47.60800,65
175,20220421 14:28:03.38500,66
176,20220421 14:28:23.29700,67
177,20220421 14:28:32.52100,68
178,20220421 14:29:14.63500,69
179,20220421 14:29:30.21800,70
180,20220421 14:29:34.63700,71
181,20220421 14:29:35.57000,72
182,20220421 14:30:14.86200,73
183,20220421 14:30:37.82600,74
184,20220421 14:30:48.64500,75
185,20220421 14:30:51.69100,76
186,20220421 14:31:28.51400,77
187,20220421 14:31:36.30900,78
188,20220421 14:32:31.84000,80
189,20220421 14:32:33.39700,81
190,20220421 14:32:35.27000,82
191,20220421 14:32:44.73900,83
192,20220421 14:33:19.82100,84
193,20220421 14:33:24.61200,85
194,20220421 14:33:25.99700,86
195,20220421 14:34:01.38600,87
196,20220421 14:34:38.52500,88
197,20220421 14:34:46.91200,89
198,20220421 14:35:32.96100,90
199,20220421 14:35:54.13800,91
200,20220421 14:35:54.39800,92
201,20220421 14:36:26.53200,93
202,20220421 14:36:29.22400,94
203,20220421 14:36:40.63900,95
204,20220421 14:37:06.73400,96
205,20220421 14:37:09.39800,97
206,20220421 14:37:40.09800,98
207,20220421 14:37:51.39200,99
208,20220421 14:38:01.51200,100
209,20220421 14:38:09.39800,101
210,20220421 14:38:34.58100,102
211,20220421 14:39:11.35700,103
212,20220421 14:39:16.20500,104
213,20220421 14:39:43.39400,105
214,20220421 14:39:46.51700,106
215,20220421 14:39:55.67100,107
216,20220421 14:40:43.16200,108
217,20220421 14:41:18.90400,110
218,20220421 14:41:21.92900,111
219,20220421 14:41:27.74300,112
220,20220421 14:41:34.90500,113
221,20220421 14:41:39.39800,114
222,20220421 14:41:49.65100,115
223,20220421 14:42:11.53200,116
224,20220421 14:42:27.35700,117
225,20220421 14:43:16.71100,119
226,20220421 14:43:35.36500,120
227,20220421 14:44:25.34200,121
228,20220421 14:44:49.10600,122
229,20220421 14:44:54.74900,123
230,20220421 14:45:01.24500,124
231,20220421 14:45:07.05100,125
232,20220421 14:45:52.29300,126
233,20220421 14:46:11.90600,127
234,20220421 14:46:15.63700,128
235,20220421 14:46:21.41300,129
236,20220421 14:46:30.96700,130
237,20220421 14:46:56.68800,132
238,20220421 14:47:10.94900,133
239,20220421 14:48:13.62800,134
240,20220421 14:48:20.76500,135
241,20220421 14:48:32.22300,136
242,20220421 14:48:51.75800,137
243,20220421 14:48:59.98600,138
244,20220421 14:49:00.78700,139
245,20220421 14:49:05.88500,140
246,20220421 14:49:12.29300,141
247,20220421 14:49:44.11700,142
248,20220421 14:49:54.92500,143
249,20220421 14:50:23.95600,144
250,20220421 14:50:29.66300,145
251,20220421 14:50:36.27800,146
252,20220421 14:50:47.54200,147
253,20220421 14:50:56.64100,148
254,20220421 14:51:00.21400,149
255,20220421 14:51:02.43200,150
256,20220421 14:51:05.74900,151
257,20220421 14:51:14.48100,152
258,20220421 14:51:20.95900,153
259,20220421 14:51:44.44600,154
260,20220421 14:52:02.53600,155
261,20220421 14:52:18.66700,156
262,20220421 14:52:20.32800,157
263,20220421 14:52:28.09600,158
264,20220421 14:52:29.87400,159
265,20220421 14:53:16.67200,160
266,20220421 14:53:34.80400,161
267,20220421 14:53:45.09200,162
268,20220421 14:53:55.76500,163
269,20220421 14:54:43.69000,164
270,20220421 14:54:46.25800,165
271,20220421 14:54:50.12400,166
272,20220421 14:54:59.51200,167
273,20220421 14:55:23.64500,168
274,20220421 14:56:29.65000,169
275,20220421 14:56:30.50000,170
276,20220421 14:56:38.87600,171
277,20220421 14:56:42.99200,172
278,20220421 14:57:11.45700,173
279,20220421 14:57:15.99000,174
280,20220421 14:57:21.67500,175
281,20220421 14:57:25.11000,176
282,20220421 14:57:25.93100,177
283,20220421 14:57:30.08800,178
284,20220421 14:58:03.50400,179
285,20220421 14:58:24.42300,180
286,20220421 14:58:35.18400,181
287,20220421 14:58:37.55900,182
288,20220421 14:58:45.29900,183
289,20220421 14:59:03.53600,184
290,20220421 14:59:06.61500,185
291,20220421 14:59:33.98200,186
292,20220421 14:59:37.34500,187
293,20220421 14:59:40.63300,188
294,20220421 14:59:43.62200,189
295,20220421 14:59:55.13400,190
296,20220421 14:59:56.67100,191
297,20220421 15:00:26.48100,1
298,20220421 15:00:36.66300,2
299,20220421 15:00:43.66700,3
300,20220421 15:00:47.54900,4
301,20220421 15:01:00.43200,5
302,20220421 15:01:28.70000,6
303,20220421 15:01:44.15900,7
304,20220421 15:01:45.64800,8
305,20220421 15:01:48.53000,9
306,20220421 15:01:52.87000,10
307,20220421 15:02:54.62000,11
308,20220421 15:03:08.55800,12
309,20220421 15:03:35.31500,13
310,20220421 15:03:45.57000,14
311,20220421 15:03:48.52300,15
312,20220421 15:03:50.13400,16
313,20220421 15:03:54.54200,17
314,20220421 15:04:34.92600,18
315,20220421 15:04:47.00400,19
316,20220421 15:04:47.99200,20
317,20220421 15:04:54.90900,21
318,20220421 15:05:04.92600,22
319,20220421 15:05:05.80400,23
320,20220421 15:05:42.92000,24
321,20220421 15:05:44.42700,25
322,20220421 15:05:46.88600,26
323,20220421 15:06:00.66800,27
324,20220421 15:06:22.39500,28
325,20220421 15:07:05.58700,29
326,20220421 15:07:37.15800,30
327,20220421 15:07:41.33800,31
328,20220421 15:08:16.08800,32
329,20220421 15:08:39.00000,33
330,20220421 15:08:53.38500,34
331,20220421 15:09:28.87300,35
332,20220421 15:09:32.39400,36
333,20220421 15:09:38.24800,38
334,20220421 15:09:43.32300,39
335,20220421 15:09:45.39500,40
336,20220421 15:10:13.87500,41
337,20220421 15:10:17.46200,42
338,20220421 15:10:20.17800,43
339,20220421 15:10:46.31700,44
340,20220421 15:10:48.03900,45
341,20220421 15:11:26.26000,46
342,20220421 15:11:34.93600,47
343,20220421 15:11:43.00900,48
344,20220421 15:11:55.79300,49
345,20220421 15:11:56.77700,50
346,20220421 15:12:07.60900,51
347,20220421 15:12:31.16000,52
348,20220421 15:12:38.49700,53
349,20220421 15:12:50.70900,55
350,20220421 15:13:04.42900,56
351,20220421 15:13:33.15600,57
352,20220421 15:14:15.49100,58
353,20220421 15:14:21.02200,59
354,20220421 15:14:25.69200,60
355,20220421 15:14:45.00400,61
356,20220421 15:15:04.92300,62
357,20220421 15:15:07.68600,63
358,20220421 15:15:08.32200,64
359,20220421 15:15:15.70800,65
360,20220421 15:15:25.17300,66
361,20220421 15:15:28.55900,67
362,20220421 15:15:50.57000,68
363,20220421 15:15:53.74700,69
364,20220421 15:16:03.23900,70
365,20220421 15:16:07.32300,71
366,20220421 15:16:24.44700,72
367,20220421 15:16:35.82800,73
368,20220421 15:16:39.79200,74
369,20220421 15:16:43.98200,75
370,20220421 15:16:56.66400,76
371,20220421 15:16:59.91400,77
372,20220421 15:17:04.53500,78
373,20220421 15:17:32.69000,79
374,20220421 15:17:33.77900,80
375,20220421 15:17:40.39100,81
376,20220421 15:17:41.77200,82
377,20220421 15:18:01.57400,83
378,20220421 15:18:02.14600,84
379,20220421 15:18:05.09900,85
380,20220421 15:18:15.78800,86
381,20220421 15:18:18.35100,87
382,20220421 15:18:34.58900,88
383,20220421 15:18:39.89500,89
384,20220421 15:19:10.72500,91
385,20220421 15:19:12.94300,92
386,20220421 15:19:41.76600,93
387,20220421 15:19:54.51800,94
388,20220421 15:20:09.42500,95
389,20220421 15:20:23.02000,96
390,20220421 15:20:26.68700,97
391,20220421 15:20:30.09800,98
392,20220421 15:20:36.12600,99
393,20220421 15:21:03.49100,100
394,20220421 15:21:07.72800,101
395,20220421 15:21:16.39200,102
396,20220421 15:21:43.42600,104
397,20220421 15:21:49.64300,105
398,20220421 15:21:58.04100,106
399,20220421 15:22:02.14600,107
400,20220421 15:22:05.13800,108
401,20220421 15:22:15.74000,109
402,20220421 15:22:38.98300,110
403,20220421 15:22:39.87100,111
404,20220421 15:22:41.51500,112
405,20220421 15:22:42.56000,113
406,20220421 15:22:49.81800,114
407,20220421 15:22:52.38400,115
408,20220421 15:22:54.74300,116
409,20220421 15:23:10.31200,117
410,20220421 15:23:21.16000,118
411,20220421 15:23:29.46100,119
412,20220421 15:23:54.39800,120
413,20220421 15:24:01.12600,121
414,20220421 15:24:01.73700,122
415,20220421 15:24:16.04200,123
416,20220421 15:24:34.77800,124
417,20220421 15:24:45.64500,125
418,20220421 15:24:49.91400,126
419,20220421 15:25:21.46600,127
420,20220421 15:25:30.57000,128
421,20220421 15:25:32.83700,129
422,20220421 15:25:39.07800,130
423,20220421 15:25:41.71900,131
424,20220421 15:25:55.39200,132
425,20220421 15:25:59.40100,133
426,20220421 15:26:09.01800,134
427,20220421 15:26:09.39800,135
428,20220421 15:26:09.88700,136
429,20220421 15:26:24.59400,137
430,20220421 15:26:33.75900,138
431,20220421 15:26:39.39800,139
432,20220421 15:26:48.27200,140
433,20220421 15:26:50.19700,141
434,20220421 15:26:50.80400,142
435,20220421 15:26:52.58400,143
436,20220421 15:27:13.53600,144
437,20220421 15:27:53.34500,145
438,20220421 15:27:54.78200,146
439,20220421 15:27:59.05700,147
440,20220421 15:28:08.02500,148
441,20220421 15:29:27.34200,149
442,20220421 15:29:27.90900,150
443,20220421 15:29:32.85300,151
444,20220421 15:29:35.99000,152
445,20220421 15:29:55.34100,153
446,20220421 15:30:22.14200,154
447,20220421 15:30:34.58800,155
448,20220421 15:30:40.35900,156
449,20220421 15:30:42.65500,157
450,20220421 15:30:50.22100,158
451,20220421 15:31:02.57100,159
452,20220421 15:31:46.25500,160
453,20220421 15:32:18.21300,161
454,20220421 15:32:19.05100,162
455,20220421 15:32:25.19600,163
456,20220421 15:32:29.49400,164
457,20220421 15:32:33.51100,165
458,20220421 15:32:42.17400,166
459,20220421 15:32:44.16200,167
460,20220421 15:33:17.35000,168
461,20220421 15:33:27.31600,169
462,20220421 15:33:27.89000,170
463,20220421 15:33:39.54400,171
464,20220421 15:33:48.30200,172
465,20220421 15:33:52.26800,173
466,20220421 15:33:54.47600,174
467,20220421 15:34:02.18100,175
468,20220421 15:34:03.16100,176
469,20220421 15:34:12.65700,177
470,20220421 15:34:19.92600,178
471,20220421 15:34:22.99200,179
472,20220421 15:34:31.79500,180
473,20220421 15:34:39.83500,181
474,20220421 15:34:58.96700,182
475,20220421 15:35:15.48200,183
476,20220421 15:35:19.71100,184
477,20220421 15:35:31.74800,185
478,20220421 15:35:53.59500,186
479,20220421 15:36:03.34900,187
480,20220421 15:36:48.51200,189
481,20220421 15:37:00.73200,190
482,20220421 15:37:22.86400,192
483,20220421 15:37:39.74900,193
484,20220421 15:37:42.09200,194
485,20220421 15:37:45.81100,195
486,20220421 15:38:01.53500,196
487,20220421 15:38:12.93900,197
488,20220421 15:38:26.41000,198
489,20220421 15:38:28.39400,199
490,20220421 15:38:44.90500,200
491,20220421 15:38:45.66800,201
492,20220421 15:39:20.33800,203
493,20220421 15:39:30.75000,204
494,20220421 15:39:33.50700,205
495,20220421 15:39:38.94800,206
496,20220421 15:39:39.39800,207
497,20220421 15:39:42.04600,208
498,20220421 15:39:47.63700,209
499,20220421 15:39:57.09800,210
500,20220421 15:41:04.47500,211
501,20220421 15:41:09.53500,212
502,20220421 15:41:39.56600,214
503,20220421 15:41:40.46100,215
504,20220421 15:42:00.64000,216
505,20220421 15:42:24.87800,217
506,20220421 15:42:29.69500,218
507,20220421 15:42:46.31100,219
508,20220421 15:42:49.77000,220
509,20220421 15:43:06.21100,221
510,20220421 15:43:40.91100,223
511,20220421 15:43:52.80800,224
512,20220421 15:45:02.21300,225
513,20220421 15:45:07.37900,226
514,20220421 15:45:08.95000,227
515,20220421 15:45:18.41900,228
516,20220421 15:45:23.75900,229
517,20220421 15:45:37.99100,230
518,20220421 15:45:44.99100,231
519,20220421 15:45:54.78200,232
520,20220421 15:46:10.29200,233
521,20220421 15:46:13.25600,234
522,20220421 15:46:27.65200,235
523,20220421 15:46:42.88600,237
524,20220421 15:47:25.62800,238
525,20220421 15:47:58.68700,239
526,20220421 15:48:03.68300,240
527,20220421 15:48:11.21700,241
528,20220421 15:48:20.76200,242
529,20220421 15:48:29.23800,243
530,20220421 15:48:42.64300,244
531,20220421 15:48:56.90500,245
532,20220421 15:48:57.74900,246
533,20220421 15:49:22.73700,247
534,20220421 15:49:44.39800,248
535,20220421 15:49:47.05600,249
536,20220421 15:50:13.01900,252
537,20220421 15:50:16.79500,253
538,20220421 15:50:23.06700,254
539,20220421 15:50:44.70000,255
540,20220421 15:51:02.18800,256
541,20220421 15:51:07.17500,257
542,20220421 15:51:29.21400,258
543,20220421 15:51:49.84400,259
544,20220421 15:52:13.00600,260
545,20220421 15:52:22.25900,261
546,20220421 15:53:15.65100,263
547,20220421 15:54:02.92100,264
548,20220421 15:54:22.69400,265
549,20220421 15:54:32.15800,266
550,20220421 15:54:34.87000,267
551,20220421 15:54:46.87700,268
552,20220421 15:54:50.77800,269
553,20220421 15:55:13.61500,270
554,20220421 15:55:30.60600,271
555,20220421 15:55:53.53100,272
556,20220421 15:55:54.62800,273
557,20220421 15:56:00.19200,274
558,20220421 15:56:09.63400,275
559,20220421 15:56:10.46700,276
560,20220421 15:56:17.38400,277
561,20220421 15:56:19.89300,278
562,20220421 15:56:20.48700,279
563,20220421 15:56:23.85100,280
564,20220421 15:56:24.44800,281
565,20220421 15:56:44.87900,282
566,20220421 15:56:46.59000,283
567,20220421 15:56:52.20300,284
568,20220421 15:57:07.86100,285
569,20220421 15:58:19.86500,286
570,20220421 15:58:36.66100,287
571,20220421 15:58:38.20000,288
572,20220421 15:58:44.17300,290
573,20220421 15:58:44.75000,291
574,20220421 15:58:54.39800,292
575,20220421 15:59:07.44200,293
576,20220421 15:59:08.02700,294
577,20220421 15:59:10.18000,295
578,20220421 15:59:45.62400,296
579,20220421 16:00:10.58400,1
580,20220421 16:00:14.30700,2
581,20220421 16:00:16.90000,3
582,20220421 16:00:34.17100,4
583,20220421 16:00:46.18100,5
584,20220421 16:00:48.19500,6
585,20220421 16:01:14.21100,7
586,20220421 16:01:31.48000,8
587,20220421 16:02:07.24100,9
588,20220421 16:02:09.62900,10
589,20220421 16:02:21.74000,11
590,20220421 16:02:37.77500,12
591,20220421 16:02:51.26900,13
592,20220421 16:03:04.92700,14
593,20220421 16:03:09.39800,15
594,20220421 16:03:11.33200,16
595,20220421 16:03:34.36000,17
596,20220421 16:03:57.27600,18
597,20220421 16:04:14.02400,19
598,20220421 16:04:25.53300,20
599,20220421 16:04:51.66100,21
600,20220421 16:05:34.55900,23
601,20220421 16:06:19.59300,24
602,20220421 16:06:20.49600,25
603,20220421 16:06:27.34800,26
604,20220421 16:06:28.91000,27
605,20220421 16:06:33.89000,28
606,20220421 16:06:54.07700,29
607,20220421 16:06:54.39800,30
608,20220421 16:07:02.72000,31
609,20220421 16:07:34.39900,32
610,20220421 16:08:08.63300,33
611,20220421 16:08:17.31900,34
612,20220421 16:08:20.87400,35
613,20220421 16:08:34.03700,36
614,20220421 16:09:01.62400,37
615,20220421 16:09:21.59200,38
616,20220421 16:09:53.65700,39
617,20220421 16:10:06.43400,40
618,20220421 16:10:28.74300,42
619,20220421 16:10:33.40500,43
620,20220421 16:10:34.41400,44
621,20220421 16:10:36.50800,45
622,20220421 16:10:43.97100,46
623,20220421 16:10:57.14700,47
624,20220421 16:11:05.66800,48
625,20220421 16:11:17.46300,49
626,20220421 16:11:38.56400,50
627,20220421 16:12:27.10500,51
628,20220421 16:12:34.08100,52
629,20220421 16:12:36.50400,53
630,20220421 16:13:56.97000,54
631,20220421 16:14:10.38200,55
632,20220421 16:15:09.80300,56
633,20220421 16:15:15.22300,57
634,20220421 16:15:25.99900,58
635,20220421 16:15:30.00400,59
636,20220421 16:15:37.56000,60
637,20220421 16:16:22.28200,61
638,20220421 16:16:23.14600,62
639,20220421 16:16:36.16600,63
640,20220421 16:16:46.49600,64
641,20220421 16:17:08.83100,65
642,20220421 16:17:29.91900,66
643,20220421 16:18:20.11600,67
644,20220421 16:18:20.91000,68
645,20220421 16:18:25.68000,69
646,20220421 16:18:29.55100,70
647,20220421 16:19:02.58900,71
648,20220421 16:19:03.76400,72
649,20220421 16:19:07.14800,73
650,20220421 16:19:11.76200,74
651,20220421 16:19:28.77600,75
652,20220421 16:20:00.46700,76
653,20220421 16:20:16.50300,78
654,20220421 16:20:28.10000,79
655,20220421 16:21:00.56600,80
656,20220421 16:21:01.19500,81
657,20220421 16:21:40.63100,82
658,20220421 16:21:48.89800,83
659,20220421 16:22:15.04100,84
660,20220421 16:22:50.33000,85
661,20220421 16:22:57.93000,86
662,20220421 16:23:04.27700,87
663,20220421 16:23:20.04200,88
664,20220421 16:23:39.44000,89
665,20220421 16:23:48.14300,90
666,20220421 16:25:10.39300,91
667,20220421 16:26:07.87800,92
668,20220421 16:26:22.26800,93
669,20220421 16:26:29.73600,94
670,20220421 16:26:52.41500,95
671,20220421 16:27:26.12700,96
672,20220421 16:27:52.62100,97
673,20220421 16:27:58.80200,98
674,20220421 16:28:12.42800,99
675,20220421 16:28:34.11200,100
676,20220421 16:28:44.29500,101
677,20220421 16:29:53.47500,102
678,20220421 16:30:07.48600,103
679,20220421 16:30:18.74200,104
680,20220421 16:30:46.99900,105
681,20220421 16:31:01.87200,106
682,20220421 16:31:21.20800,107
683,20220421 16:31:59.92400,108
684,20220421 16:32:19.12700,109
685,20220421 16:32:20.89700,110
686,20220421 16:32:32.41600,111
687,20220421 16:32:32.98300,112
688,20220421 16:33:04.23000,113
689,20220421 16:33:11.32400,114
690,20220421 16:33:41.75900,115
691,20220421 16:33:44.91700,116
692,20220421 16:34:44.76400,117
693,20220421 16:34:45.61000,118
694,20220421 16:34:52.03000,119
695,20220421 16:35:12.33000,120
696,20220421 16:35:17.48000,121
697,20220421 16:35:25.83400,122
698,20220421 16:35:26.86900,123
699,20220421 16:35:48.95500,124
700,20220421 16:36:10.51100,125
701,20220421 16:37:21.88300,126
702,20220421 16:38:38.89000,127
703,20220421 16:38:39.40900,128
704,20220421 16:38:42.73600,129
705,20220421 16:38:55.00400,130
706,20220421 16:39:38.02000,131
707,20220421 16:39:53.56300,132
708,20220421 16:40:09.42700,133
709,20220421 16:40:15.95300,134
710,20220421 16:40:30.01300,135
711,20220421 16:40:35.86700,136
712,20220421 16:41:04.32600,137
713,20220421 16:41:13.71500,138
714,20220421 16:41:37.25100,139
715,20220421 16:41:37.98700,140
716,20220421 16:42:08.85500,141
717,20220421 16:42:12.78600,142
718,20220421 16:42:26.46900,143
719,20220421 16:42:48.22800,144
720,20220421 16:43:38.22400,145
721,20220421 16:43:39.86500,146
722,20220421 16:43:41.37500,147
723,20220421 16:43:48.10900,148
724,20220421 16:43:55.77400,149
725,20220421 16:44:18.61500,150
726,20220421 16:44:19.44000,151
727,20220421 16:44:26.26400,152
728,20220421 16:44:40.37500,153
729,20220421 16:44:48.29100,154
730,20220421 16:45:32.08300,155
731,20220421 16:45:34.00900,156
732,20220421 16:45:58.04900,157
733,20220421 16:46:40.50000,158
734,20220421 16:46:51.41700,159
735,20220421 16:46:59.67100,161
736,20220421 16:47:26.92200,162
737,20220421 16:47:34.09400,163
738,20220421 16:48:21.26300,164
739,20220421 16:48:43.51000,166
740,20220421 16:48:53.89600,167
741,20220421 16:48:54.39800,168
742,20220421 16:49:23.61100,169
743,20220421 16:50:25.13100,170
744,20220421 16:50:30.16100,171
745,20220421 16:50:45.50700,172
746,20220421 16:50:54.05700,173
747,20220421 16:50:54.39800,174
748,20220421 16:51:18.52000,175
749,20220421 16:51:24.39800,176
750,20220421 16:51:29.35400,177
751,20220421 16:51:41.19600,178
752,20220421 16:53:46.70100,179
753,20220421 16:54:04.77800,180
754,20220421 16:54:28.84300,181
755,20220421 16:54:30.69300,182
756,20220421 16:55:51.10900,183
757,20220421 16:56:29.47900,184
758,20220421 16:56:31.64900,185
759,20220421 16:56:50.66500,186
760,20220421 16:56:54.39800,187
761,20220421 16:56:59.37700,188
762,20220421 16:57:12.74200,189
763,20220421 16:58:11.04000,190
764,20220421 16:58:16.03600,191
765,20220421 16:58:27.41200,192
766,20220421 16:59:00.17500,193
767,20220421 16:59:13.65900,194
768,20220421 16:59:50.79700,195
769,20220421 16:59:56.47900,196
770,20220421 17:00:07.82400,197
771,20220421 17:00:43.03800,1
772,20220421 17:01:19.25000,2
773,20220421 17:01:23.45000,3
774,20220421 17:01:38.26500,4
775,20220421 17:01:45.99700,5
776,20220421 17:02:05.57000,6
777,20220421 17:02:13.29200,8
778,20220421 17:02:42.96500,9
779,20220421 17:02:44.45500,10
780,20220421 17:02:46.43400,11
781,20220421 17:03:11.87400,12
782,20220421 17:03:21.81000,13
783,20220421 17:03:23.11900,14
784,20220421 17:03:52.71800,15
785,20220421 17:04:26.72800,16
786,20220421 17:05:16.68000,17
787,20220421 17:05:26.99700,18
788,20220421 17:05:40.15700,19
789,20220421 17:05:49.24000,20
790,20220421 17:05:57.24500,21
791,20220421 17:06:17.37800,22
792,20220421 17:06:19.27400,23
793,20220421 17:06:28.39000,24
794,20220421 17:06:29.31900,25
795,20220421 17:06:29.89100,26
796,20220421 17:06:34.68300,27
797,20220421 17:06:47.89500,28
798,20220421 17:06:54.75600,29
799,20220421 17:07:04.69800,30
800,20220421 17:07:26.37700,31
801,20220421 17:07:38.09000,32
802,20220421 17:08:47.11800,34
803,20220421 17:09:09.74300,35
804,20220421 17:09:10.60700,36
805,20220421 17:09:15.24200,37
806,20220421 17:09:28.16500,38
807,20220421 17:09:29.03100,39
808,20220421 17:10:01.79800,40
809,20220421 17:10:26.78000,41
810,20220421 17:10:37.70100,42
811,20220421 17:10:56.10800,43
812,20220421 17:11:01.83500,44
813,20220421 17:11:02.44700,45
814,20220421 17:11:07.27200,46
815,20220421 17:11:08.19500,47
816,20220421 17:12:47.32600,49
817,20220421 17:13:00.19200,50
818,20220421 17:13:14.25500,51
819,20220421 17:13:34.76600,52
820,20220421 17:13:39.39800,53
821,20220421 17:14:19.84700,54
822,20220421 17:14:23.38800,55
823,20220421 17:14:35.47700,56
824,20220421 17:14:45.84500,57
825,20220421 17:15:04.66900,58
826,20220421 17:17:03.01200,59
827,20220421 17:17:23.37500,60
828,20220421 17:18:41.73900,61
829,20220421 17:19:34.74400,62
830,20220421 17:19:40.65100,63
831,20220421 17:19:41.74100,64
832,20220421 17:19:48.63200,65
833,20220421 17:20:15.08700,66
834,20220421 17:20:15.94000,67
835,20220421 17:20:22.20900,68
836,20220421 17:20:45.85200,69
837,20220421 17:21:27.00700,70
838,20220421 17:21:31.32500,71
839,20220421 17:21:54.40000,72
840,20220421 17:22:56.18600,73
841,20220421 17:23:12.58100,74
842,20220421 17:23:13.52700,75
843,20220421 17:23:23.07700,76
844,20220421 17:23:28.20700,77
845,20220421 17:23:43.28100,78
846,20220421 17:23:49.45600,79
847,20220421 17:24:15.81100,80
848,20220421 17:24:35.54600,81
849,20220421 17:24:38.84800,82
850,20220421 17:24:53.56700,83
851,20220421 17:25:02.57000,84
852,20220421 17:25:50.55800,85
853,20220421 17:28:19.21900,86
854,20220421 17:29:06.79100,87
855,20220421 17:29:08.14200,88
856,20220421 17:29:54.39800,90
857,20220421 17:31:09.40700,91
858,20220421 17:31:10.26700,92
859,20220421 17:31:35.94700,93
860,20220421 17:33:56.37100,94
861,20220421 17:34:05.84400,95
862,20220421 17:34:27.76000,96
863,20220421 17:34:46.22300,97
864,20220421 17:36:16.26300,99
865,20220421 17:36:50.48000,100
866,20220421 17:37:01.46100,101
867,20220421 17:37:04.56200,102
868,20220421 17:37:05.15100,103
869,20220421 17:37:36.99900,104
870,20220421 17:39:14.87900,105
871,20220421 17:39:19.50100,106
872,20220421 17:39:46.01700,107
873,20220421 17:39:50.46800,108
874,20220421 17:40:12.89500,109
875,20220421 17:40:41.70200,110
876,20220421 17:41:00.53000,111
877,20220421 17:42:09.39800,112
878,20220421 17:43:02.75100,113
879,20220421 17:43:16.93100,114
880,20220421 17:43:40.38200,115
881,20220421 17:43:44.19600,116
882,20220421 17:43:46.17600,117
883,20220421 17:43:48.97600,118
884,20220421 17:46:14.11300,119
885,20220421 17:46:20.28400,120
886,20220421 17:46:26.70100,121
887,20220421 17:47:05.92400,122
888,20220421 17:47:09.85700,123
889,20220421 17:47:14.83100,124
890,20220421 17:47:23.73100,125
891,20220421 17:48:01.89200,126
892,20220421 17:49:29.26900,127
893,20220421 17:50:02.83900,128
894,20220421 17:50:52.43100,129
895,20220421 17:52:26.74400,130
896,20220421 17:52:30.12500,131
897,20220421 17:52:30.87100,132
898,20220421 17:53:22.14500,133
899,20220421 17:53:31.24600,134
900,20220421 17:53:33.50900,135
901,20220421 17:54:04.04500,136
902,20220421 17:54:56.45500,137
903,20220421 17:55:37.83500,138
904,20220421 17:55:38.68600,139
905,20220421 17:56:00.44900,140
906,20220421 17:56:27.40300,141
907,20220421 17:57:33.94000,142
908,20220421 17:57:48.39500,143
909,20220421 17:57:51.51100,144
910,20220421 17:58:14.13200,145
911,20220421 17:58:24.91000,146
912,20220421 17:58:25.75800,147
913,20220421 17:58:27.99400,148
914,20220421 17:59:02.96100,149
915,20220421 17:59:52.59600,150
916,20220421 17:59:53.67300,151
917,20220421 18:00:14.28600,1
918,20220421 18:00:20.59900,2
919,20220421 18:00:25.57700,3
920,20220421 18:00:42.26700,4
921,20220421 18:01:29.24700,5
922,20220421 18:01:37.76000,6
923,20220421 18:01:56.08000,7
924,20220421 18:03:26.41400,8
925,20220421 18:06:47.61100,11
926,20220421 18:06:53.23800,12
927,20220421 18:07:37.58000,13
928,20220421 18:07:43.45500,14
929,20220421 18:08:20.30000,15
930,20220421 18:08:34.63800,16
931,20220421 18:09:03.37100,17
932,20220421 18:09:22.72100,18
933,20220421 18:09:24.66600,19
934,20220421 18:09:46.45400,20
935,20220421 18:10:33.89400,21
936,20220421 18:10:55.07700,22
937,20220421 18:12:36.89900,23
938,20220421 18:13:02.46300,24
939,20220421 18:13:50.63700,25
940,20220421 18:14:18.07100,26
941,20220421 18:14:25.01800,27
942,20220421 18:14:34.52800,28
943,20220421 18:15:51.37900,31
944,20220421 18:16:00.13900,32
945,20220421 18:16:43.05800,35
946,20220421 18:16:46.47700,36
947,20220421 18:16:47.32900,37
948,20220421 18:19:03.09800,38
949,20220421 18:19:05.06200,39
950,20220421 18:20:55.62300,40
951,20220421 18:21:15.02900,44
952,20220421 18:21:46.55000,45
953,20220421 18:22:15.48200,46
954,20220421 18:23:07.01700,47
955,20220421 18:23:43.22100,48
956,20220421 18:24:01.00300,49
957,20220421 18:24:35.61200,50
958,20220421 18:25:08.68600,51
959,20220421 18:25:09.54500,52
960,20220421 18:26:14.21500,53
961,20220421 18:29:37.64800,55
962,20220421 18:30:01.52900,56
963,20220421 18:30:33.96800,57
964,20220421 18:32:56.44800,58
965,20220421 18:34:10.38400,59
966,20220421 18:34:11.03500,60
967,20220421 18:34:11.77100,61
968,20220421 18:34:36.48800,62
969,20220421 18:35:00.97300,63
970,20220421 18:36:11.90700,64
971,20220421 18:37:44.27700,65
972,20220421 18:39:15.94400,67
973,20220421 18:39:36.76700,68
974,20220421 18:39:37.32000,69
975,20220421 18:39:53.42700,70
976,20220421 18:41:23.21000,71
977,20220421 18:41:27.28800,72
978,20220421 18:46:12.42000,74
979,20220421 18:46:16.47700,75
980,20220421 18:46:42.22400,76
981,20220421 18:46:50.78400,77
982,20220421 18:47:20.53800,78
983,20220421 18:47:29.91900,79
984,20220421 18:48:26.98300,80
985,20220421 18:49:28.59000,81
986,20220421 18:50:05.24400,82
987,20220421 18:50:06.08400,83
988,20220421 18:50:09.66200,84
989,20220421 18:50:10.82300,85
990,20220421 18:50:52.77300,86
991,20220421 18:50:55.48500,87
992,20220421 18:52:14.24100,88
993,20220421 18:52:37.42700,89
994,20220421 18:52:57.01900,90
995,20220421 18:54:24.84100,91
996,20220421 18:55:33.04200,92
997,20220421 18:56:29.41000,93
998,20220421 18:56:56.39000,94
999,20220421 18:57:44.84200,95
1000,20220421 18:59:19.82900,96
1001,20220421 18:59:24.70600,97
1002,20220421 19:00:11.89500,1
1003,20220421 19:00:19.36100,2
1004,20220421 19:00:27.70300,3
1005,20220421 19:01:40.25400,4
1006,20220421 19:03:00.65600,5
1007,20220421 19:03:09.89900,6
1008,20220421 19:03:23.74500,7
1009,20220421 19:03:47.67200,8
1010,20220421 19:03:56.04300,9
1011,20220421 19:04:34.06700,10
1012,20220421 19:04:34.91800,11
1013,20220421 19:07:19.99500,12
1014,20220421 19:08:51.26300,13
1015,20220421 19:09:41.35500,14
1016,20220421 19:11:09.77400,15
1017,20220421 19:11:13.59400,16
1018,20220421 19:11:14.37300,17
1019,20220421 19:12:06.18300,18
1020,20220421 19:14:25.40200,19
1021,20220421 19:14:56.77200,21
1022,20220421 19:16:17.60900,22
1023,20220421 19:17:07.64100,23
1024,20220421 19:17:44.93300,24
1025,20220421 19:17:54.06100,25
1026,20220421 19:17:54.39800,26
1027,20220421 19:18:14.01100,27
1028,20220421 19:18:36.37100,28
1029,20220421 19:18:46.90500,29
1030,20220421 19:19:11.85700,30
1031,20220421 19:19:12.70600,31
1032,20220421 19:20:12.75400,32
1033,20220421 19:20:30.23800,33
1034,20220421 19:20:59.66600,34
1035,20220421 19:21:02.11600,35
1036,20220421 19:22:23.14800,36
1037,20220421 19:22:34.72900,37
1038,20220421 19:22:39.77800,38
1039,20220421 19:22:53.07200,39
1040,20220421 19:23:09.39800,40
1041,20220421 19:23:41.91000,41
1042,20220421 19:23:45.23600,42
1043,20220421 19:25:09.61400,44
1044,20220421 19:25:47.53700,45
1045,20220421 19:25:51.61300,46
1046,20220421 19:25:53.17100,47
1047,20220421 19:26:15.14900,48
1048,20220421 19:26:33.33400,49
1049,20220421 19:26:34.20000,50
1050,20220421 19:26:51.20800,51
1051,20220421 19:27:26.11600,52
1052,20220421 19:27:30.19800,53
1053,20220421 19:27:55.12500,54
1054,20220421 19:32:22.28500,55
1055,20220421 19:33:45.37500,56
1056,20220421 19:34:57.80600,57
1057,20220421 19:35:02.89400,58
1058,20220421 19:35:11.04200,59
1059,20220421 19:35:50.88900,60
1060,20220421 19:36:25.88100,61
1061,20220421 19:37:48.42100,62
1062,20220421 19:38:26.28700,63
1063,20220421 19:39:53.49200,64
1064,20220421 19:40:02.50700,65
1065,20220421 19:40:55.83800,66
1066,20220421 19:41:31.81500,67
1067,20220421 19:45:20.58700,69
1068,20220421 19:46:06.67300,70
1069,20220421 19:46:35.26500,71
1070,20220421 19:46:40.39300,72
1071,20220421 19:46:51.76200,73
1072,20220421 19:47:31.83500,74
1073,20220421 19:47:57.02800,75
1074,20220421 19:48:18.05200,76
1075,20220421 19:48:59.92700,77
1076,20220421 19:50:01.53400,78
1077,20220421 19:52:59.17300,79
1078,20220421 19:53:36.23800,80
1079,20220421 19:55:12.06700,82
1080,20220421 19:55:32.95600,83
1081,20220421 19:55:39.70700,84
1082,20220421 19:58:02.68900,87
1083,20220421 20:00:23.14100,1
1084,20220421 20:00:42.44400,2
1085,20220421 20:01:51.03800,3
1086,20220421 20:02:16.57000,4
1087,20220421 20:02:28.78100,5
1088,20220421 20:02:35.71800,6
1089,20220421 20:03:29.11000,7
1090,20220421 20:03:34.48900,8
1091,20220421 20:04:03.16100,9
1092,20220421 20:04:03.74100,10
1093,20220421 20:04:32.48000,11
1094,20220421 20:04:56.61000,12
1095,20220421 20:05:58.01700,13
1096,20220421 20:07:54.09700,14
1097,20220421 20:08:06.87200,15
1098,20220421 20:08:10.57300,16
1099,20220421 20:08:20.92900,17
1100,20220421 20:08:30.43600,18
1101,20220421 20:08:39.80000,19
1102,20220421 20:10:04.58200,20
1103,20220421 20:10:05.70700,21
1104,20220421 20:10:28.81000,22
1105,20220421 20:10:50.94600,23
1106,20220421 20:11:15.68900,24
1107,20220421 20:11:54.39800,25
1108,20220421 20:12:18.93400,26
1109,20220421 20:12:25.79700,27
1110,20220421 20:13:25.68000,28
1111,20220421 20:14:04.75500,29
1112,20220421 20:14:08.13800,30
1113,20220421 20:15:03.17900,31
1114,20220421 20:15:46.96500,32
1115,20220421 20:15:50.05300,33
1116,20220421 20:15:50.91200,34
1117,20220421 20:18:32.13700,35
1118,20220421 20:19:10.94800,36
1119,20220421 20:19:27.66000,37
1120,20220421 20:20:59.02900,38
1121,20220421 20:21:49.96400,39
1122,20220421 20:22:05.84500,40
1123,20220421 20:22:06.86300,41
1124,20220421 20:22:20.24100,42
1125,20220421 20:24:27.36000,43
1126,20220421 20:29:38.71400,45
1127,20220421 20:31:09.39800,46
1128,20220421 20:31:46.54600,47
1129,20220421 20:31:52.82600,48
1130,20220421 20:32:45.29600,49
1131,20220421 20:33:25.72100,50
1132,20220421 20:34:18.93900,52
1133,20220421 20:34:32.95700,53
1134,20220421 20:35:14.81300,54
1135,20220421 20:37:40.75700,56
1136,20220421 20:38:25.32700,57
1137,20220421 20:40:06.59900,58
1138,20220421 20:40:47.92100,59
1139,20220421 20:41:18.98800,60
1140,20220421 20:41:39.44500,61
1141,20220421 20:41:54.06000,62
1142,20220421 20:43:05.32300,63
1143,20220421 20:43:26.12300,64
1144,20220421 20:43:34.03000,65
1145,20220421 20:44:21.13300,66
1146,20220421 20:44:27.36300,67
1147,20220421 20:44:30.80600,68
1148,20220421 20:44:58.40800,69
1149,20220421 20:45:07.21600,70
1150,20220421 20:45:33.74900,71
1151,20220421 20:45:45.83200,72
1152,20220421 20:46:02.16700,73
1153,20220421 20:47:55.17600,74
1154,20220421 20:48:05.74100,75
1155,20220421 20:48:33.37900,76
1156,20220421 20:51:59.83500,78
1157,20220421 20:53:21.81100,79
1158,20220421 20:54:17.79400,81
1159,20220421 20:55:30.82700,82
1160,20220421 20:55:47.92100,83
1161,20220421 20:56:03.34100,84
1162,20220421 20:57:15.47100,85
1163,20220421 20:57:55.05400,86
1164,20220421 20:58:06.79300,87
1165,20220421 20:59:50.92500,88
1166,20220421 20:59:58.10400,89
1167,20220421 21:01:18.90800,1
1168,20220421 21:01:27.28900,2
1169,20220421 21:01:55.47700,3
1170,20220421 21:03:12.46900,4
1171,20220421 21:03:31.35900,5
1172,20220421 21:04:00.41500,6
1173,20220421 21:04:28.36000,8
1174,20220421 21:04:43.93900,9
1175,20220421 21:04:49.81600,10
1176,20220421 21:05:13.12600,11
1177,20220421 21:06:51.27100,12
1178,20220421 21:08:56.41400,15
1179,20220421 21:10:04.62600,16
1180,20220421 21:10:08.44100,17
1181,20220421 21:12:30.76700,18
1182,20220421 21:12:32.49600,19
1183,20220421 21:12:58.31600,21
1184,20220421 21:13:03.55000,22
1185,20220421 21:13:39.90400,23
1186,20220421 21:13:45.69000,24
1187,20220421 21:13:46.48900,25
1188,20220421 21:14:57.36900,27
1189,20220421 21:17:21.48800,28
1190,20220421 21:17:22.34800,29
1191,20220421 21:17:22.89000,30
1192,20220421 21:17:28.11000,31
1193,20220421 21:18:11.49700,32
1194,20220421 21:18:26.68000,33
1195,20220421 21:19:26.40500,34
1196,20220421 21:20:36.42000,35
1197,20220421 21:23:14.52900,36
1198,20220421 21:24:15.84100,37
1199,20220421 21:24:40.50200,38
1200,20220421 21:25:45.08600,39
1201,20220421 21:26:07.34200,40
1202,20220421 21:30:25.91100,41
1203,20220421 21:32:07.55000,42
1204,20220421 21:32:32.12600,43
1205,20220421 21:33:31.15100,44
1206,20220421 21:34:05.04800,45
1207,20220421 21:37:29.78200,46
1208,20220421 21:37:50.42000,47
1209,20220421 21:37:59.27200,48
1210,20220421 21:38:24.39800,49
1211,20220421 21:41:32.31100,50
1212,20220421 21:42:09.39800,51
1213,20220421 21:42:09.94100,52
1214,20220421 21:42:56.66000,53
1215,20220421 21:44:40.58900,54
1216,20220421 21:45:55.30000,55
1217,20220421 21:46:26.48400,56
1218,20220421 21:49:42.27500,58
1219,20220421 21:50:01.05600,59
1220,20220421 21:50:41.27400,61
1221,20220421 21:51:38.76300,62
1222,20220421 21:52:03.03200,63
1223,20220421 21:53:25.67200,64
1224,20220421 21:54:17.19000,65
1225,20220421 21:57:26.03400,66
1226,20220421 22:02:55.76700,1
1227,20220421 22:03:57.77900,2
1228,20220421 22:05:17.71600,3
1229,20220421 22:07:36.13500,4
1230,20220421 22:07:44.70300,5
1231,20220421 22:08:38.13700,6
1232,20220421 22:10:36.06600,7
1233,20220421 22:10:40.74800,8
1234,20220421 22:12:35.07900,9
1235,20220421 22:16:54.81100,10
1236,20220421 22:19:10.57600,11
1237,20220421 22:22:10.78500,12
1238,20220421 22:22:51.49500,13
1239,20220421 22:23:15.15700,14
1240,20220421 22:28:34.53500,15
1241,20220421 22:29:19.18800,16
1242,20220421 22:30:33.77100,17
1243,20220421 22:30:55.51700,18
1244,20220421 22:30:59.80000,19
1245,20220421 22:41:58.59300,20
1246,20220421 22:42:06.67600,21
1247,20220421 22:43:19.50200,22
1248,20220421 22:45:08.54500,23
1249,20220421 22:46:24.77500,24
1250,20220421 22:52:36.09300,26
1251,20220421 22:53:53.23300,27
1252,20220421 22:54:03.52700,28
1253,20220421 23:00:08.98400,30
1254,20220421 23:04:23.27300,1
1255,20220421 23:11:40.74700,2
1256,20220421 23:13:03.46600,3
1257,20220421 23:14:33.81800,5
1258,20220421 23:21:02.30000,7
1259,20220421 23:27:27.45900,12
1260,20220421 23:28:31.20900,14
1261,20220421 23:30:36.55400,16
1262,20220421 23:50:29.92400,18
1263,20220422 00:01:04.98700,1
1264,20220422 00:02:41.81100,2
1265,20220422 00:11:22.62900,4
1266,20220422 00:12:05.88100,5
1267,20220422 00:14:53.55300,6
1268,20220422 00:21:10.94300,7
1269,20220422 00:25:38.19800,8
1270,20220422 00:29:57.46800,9
1271,20220422 00:34:27.77500,11
1272,20220422 00:34:42.87400,12
1273,20220422 00:41:55.55600,13
1274,20220422 00:43:26.51300,14
1275,20220422 00:44:58.43700,15
1276,20220422 00:47:46.54600,16
1277,20220422 01:23:41.90900,1
1278,20220422 01:32:02.87000,2
1279,20220422 01:42:23.52000,3
1280,20220422 01:56:26.41400,4
1281,20220422 01:57:37.00300,5
1282,20220422 02:10:50.26600,1
1283,20220422 02:23:32.41000,2
1284,20220422 02:36:42.38700,3
1285,20220422 02:46:07.20800,4
1286,20220422 02:49:37.57800,5
1287,20220422 02:50:15.65900,6
1288,20220422 03:07:05.06200,1
1289,20220422 03:54:02.00000,2
1290,20220422 04:38:33.27700,1
1291,20220422 04:49:19.06000,2
1292,20220422 04:58:54.69400,3
1293,20220422 05:25:41.05500,1
1294,20220422 06:15:10.02900,1
1295,20220422 06:31:52.95100,2
1296,20220422 06:34:44.90100,3
1297,20220422 07:06:49.38400,2
1298,20220422 07:13:45.75600,4
1299,20220422 07:39:05.68800,6
1300,20220422 08:58:57.16300,1
1301,20220422 11:25:54.52400,3
1302,20220422 13:34:48.54800,4
1303,20220422 14:03:29.70400,1
1304,20220422 15:38:28.02000,6
1305,20220422 17:55:04.20500,9
1306,20220423 01:07:13.83800,1
1307,20220423 02:04:08.38600,2
1308,20220423 06:24:05.46300,1
1309,20220423 06:30:20.91500,2
